composition,slope,intercept
Ca55Mg18Zn27,0.0002970896782079121,13.848325618583862
Ca55Mg25Cu20,0.0002605314780356337,13.856447984306037
Zr10Ti40Cu32Pd18,7.35244189802664e-05,11.511059656592153
Zr36Cu54Ag10,-0.0004966524716657478,12.803208451166507
Zr36Cu64,0.00013985518338384572,11.371355004680353
Zr45Al3Cu45Ag7,0.00014075448510554285,11.730916307373166
