composition,slope,intercept
Ca55Mg10Cu35,0.0003614635102272127,13.42035132434293
Ni80P20,3.3883963827865156e-05,10.295532363548107
Zr48Al7Cu42Ag3,0.0001203242032494393,11.833490216712084
Zr50Al10Cu40,0.00012211311078009324,11.869779349978892
Zr50Cu50,0.0001029384303423855,11.789300204613621
