composition,slope,intercept
Ni8P2,0.002745845830834321,106.3222603456895
