composition,slope,intercept
Ca55Mg10Cu35,0.0004196458362248142,13.408729197808057
Ni80P20,-0.00036109837574124743,11.121724625643296
Zr48Al7Cu42Ag3,6.818897525086145e-05,11.937757344463778
Zr50Al10Cu40,8.345525190483668e-05,11.947105329256997
Zr50Cu50,3.73871336399508e-05,11.920515372551936
