composition,slope,intercept
Ca55Mg10Cu35,0.0005852807502972506,13.651520707626318
Ni80P20,0.00019179695747352456,11.011145559000342
Zr48Al7Cu42Ag3,0.00025246969141358574,11.900901201231234
Zr50Al10Cu40,0.00031636496983031693,11.900723405673899
Zr50Cu50,3.922614483670669e-05,11.920147570312583
