composition,slope,intercept
Ca55Mg18Zn27,0.0002624577321891043,13.981078296387173
Zr36Cu64,9.631294780611594e-05,11.468464667985234
