composition,slope,intercept
Ca55Mg25Cu20,0.0002605314780356337,13.856447984306037
Zr45Al3Cu45Ag7,0.00014075448510554285,11.730916307373166
