composition,atoms,tg
Ni80P20,100,1747.3597359735973
Zr48Al7Cu42Ag3,100,1697.6897689768978
Zr50Al10Cu40,100,1547.6897689768978
Zr50Cu50,100,350.6600660066007
