run,composition,volume,pressure,temperature,total_energy,start_temperature,end_temperature,self_diffusion,atoms
../../runs/Ni8P2/2000.0,Ni8P2,111.80999999999996,-9.469073333333334,1983.1420733333337,37.267618314,2000.0,2000.0,1.7493625772152585e-05,10
../../runs/Ni8P2/1850.0,Ni8P2,111.4,1.1187400000000003,1840.0368066666667,-60.77547239733334,1850.0,1850.0,0.00015359681595919958,10
../../runs/Ni8P2/1700.0,Ni8P2,110.98999999999998,-14.056886666666665,1689.341266666667,-61.84185384933334,1700.0,1700.0,-5.550823780708571e-07,10
../../runs/Ni8P2/1550.0,Ni8P2,110.58,-14.313326666666665,1539.3954466666667,-63.62160281666667,1550.0,1550.0,6.138654802205324e-07,10
