composition,temperature,cube_length,cube_length_error,pressure_error
Ca55Mg18Zn27,200,14.033569842824996,0.2881309528424598,30.520930157175002
Ca55Mg18Zn27,2000,14.505993760765381,0.18429296509792614,9.95693376076538
Zr36Cu64,200,11.487727257546458,0.18294710254821211,92.19111403109355
Zr36Cu64,2000,11.661090563597464,0.009583796497206976,15.770433903184706
