composition,temperature,cube_length,cube_length_error,pressure_error
Ni8P2,200,4.745557131192885,0.0747273971575746,90.98847713119288
Ni8P2,2000,4.817613988789307,0.002670539561152374,7.549393988789307
