composition,temperature,cube_length
Ca55Mg10Cu35,2000,14.82208220822082
Ni80P20,2000,11.394739473947393
Zr48Al7Cu42Ag3,2000,12.405840584058405
Zr50Al10Cu40,2000,12.533453345334532
Zr50Cu50,2000,11.998599859985998
