composition,temperature,cube_length,cube_length_error,pressure_error
Ca55Mg18Zn27,200,13.91333908007389,0.40836171559356593,30.641160919926108
Ca55Mg18Zn27,2000,14.436240970610971,0.11454017494351554,9.88718097061097
Zr36Cu64,200,11.399554029903573,0.2711203301910974,92.10294080345066
Zr36Cu64,2000,11.654770922758434,0.015903437336236337,15.764114262345675
